35.448687,-97.4021061555
36.181064,-95.7172091215
34.189477,-97.143594101
34.386484,-96.128427600
36.746818,-95.9347111301
36.316244,-95.6257142223
33.997696,-96.404994309
36.394203,-97.8897861750
34.926959,-95.7429331100
35.34758,-97.496565142
35.771118,-95.359682101
35.595019,-97.5498572741
35.435376,-97.5636852918
35.436139,-97.3697794501
35.494873,-97.6019897609
35.38991,-97.5305771102
36.738171,-97.071114600
35.44927,-94.798466900
36.137695,-96.096801115
35.988803,-96.1117421111
35.246055,-96.6580341004
36.132023,-97.0612031721
35.892865,-94.9767981444
36.140947,-95.975841956
36.133852,-95.8515783152
36.089452,-95.9423436841
36.064018,-95.8858141109
35.492911,-97.76018722
35.213589,-97.444195200
34.772924,-96.678697105
36.678977,-97.3089941109
35.270915,-96.9289768201
35.710546,-97.745368101
36.185856,-95.342724630
35.826721,-96.400391220
34.787583,-96.6692923501
34.674682,-99.3348992680
34.171774,-97.1644341311
36.06427,-95.7744143900
36.014216,-95.7981061528
34.488871,-97.8876693521
35.620764,-97.4892723616
36.391453,-97.9216696211
34.623924,-98.4698032401
35.374202,-97.494547415
35.769242,-95.3645131020
35.39166,-97.706388500
35.213073,-97.4857782610
35.608176,-97.5610834825
35.551342,-97.646020
35.46092,-97.621629608
35.459081,-97.4055849039
36.289306,-95.841308317
36.126312,-97.05057510461
36.010314,-95.88580311104
36.103977,-95.8532434733
36.09334,-95.921599409
36.061346,-95.871237400
34.777946,-96.669581201
34.650014,-99.334184322
34.179711,-97.142342220
36.75926,-95.9350392935
36.750157,-95.9457862540
36.061358,-95.7579943325
36.017762,-95.7968926237
36.073191,-95.850419624
36.06128,-95.797051709
34.019271,-94.7391931823
35.031078,-97.934135850
36.314686,-95.62002613589
35.966922,-95.6565522001
34.529987,-97.967499513
34.001487,-96.4106271401
35.64011,-97.514375326
35.651434,-97.481352300
35.512394,-97.9730452105
35.390344,-99.4035753836
36.391217,-97.92560741
35.959152,-96.0092111802
36.577648,-94.7695282324
35.878906,-97.396728312
35.440161,-95.978368520
36.02227,-95.9754791
34.609074,-98.4219214002
34.622971,-98.443398603
34.916339,-95.745971217
36.889302,-94.8778641300
35.349058,-97.5025881813
35.322396,-97.495211907
35.768158,-95.358787503
35.74974,-95.402898101
35.392059,-97.725014901
35.291502,-97.6100951805
35.218736,-97.4685972110
35.203549,-97.4731693200
35.232521,-97.48980512021
35.593058,-97.6390921309
35.4525,-97.60165913300
35.6049,-97.5488211414
35.492978,-97.5351441700
35.448471,-97.4055772121
35.565908,-97.5512513420
35.492927,-97.5779193628
35.507486,-97.5028644041
35.543103,-97.5543514629
35.511739,-97.6058144801
35.435623,-97.4287575117
35.522427,-97.5253365920
35.406508,-97.5476056009
35.46469,-97.6206766600
35.463695,-97.4115786808
35.540315,-97.5653119020
35.376505,-97.529683933
35.398761,-97.495878129
35.62269,-95.9600411653
36.279053,-95.844162514
34.738908,-97.2583172408
36.732958,-97.0677782303
35.076244,-94.62924315
36.301399,-95.320493110
35.404723,-94.517452800
35.45108,-94.805208122
36.138003,-96.1079323510
36.208961,-96.1003631025
35.999511,-96.0997921531
35.34851,-96.9119881801
35.351237,-96.9294871016
36.132637,-97.0618591414
35.897431,-94.97653810118
36.016479,-95.88708412916
36.132819,-95.832191443
36.141007,-95.88619716415
36.161009,-95.7949021943
36.133591,-95.939993201
36.150813,-95.9928252918
36.147649,-95.9470574027
36.104919,-95.8505854143
36.102855,-95.9748324335
36.100543,-96.0282284641
36.221925,-95.9746364909
36.090993,-95.9216354926
36.090993,-95.9210955980
36.077828,-96.0482366331
36.161069,-95.9052336919
36.0628,-95.9574347117
36.060656,-96.0039749101
36.031565,-95.9215449419
36.061346,-95.870911302
35.960693,-95.39392905
35.526268,-98.6970422323
36.423304,-99.3902668
35.506962,-97.7412035800
36.080209,-95.9584695020
36.091077,-95.9043962
34.609299,-98.42279135894
36.639416,-94.7068439219
35.559736,-97.574059506
34.022341,-94.7395579521
36.027064,-95.9485391900
35.560794,-97.6510513303
36.140979,-95.9401426124
36.088724,-95.9058572405
36.076999,-95.81518913835
35.962679,-96.011383
34.158538,-98.002175211
35.222035,-97.44157330
35.21609,-97.4876662425
35.609785,-97.555887325
35.451913,-97.6466812501
35.886966,-94.976062101
36.016874,-99.2893331104
34.792892,-96.734109201
36.810639,-97.7327854651
36.06005,-95.8478836231
36.075389,-95.905821606
34.172763,-97.1498722350
36.715516,-95.9351031151
36.062927,-95.7651971333
35.668395,-97.5152962126
36.41748,-97.8911132506
34.572833,-98.3215172506
34.62268,-98.4262082601
35.374202,-97.4945471130
35.770554,-95.3772283010
35.182697,-97.418688110
35.529811,-97.5092314130
35.560794,-97.6510515500
35.445144,-97.4241756910
35.461576,-97.6344724901
35.386721,-96.9292831701
36.138305,-97.0505986222
36.104346,-95.907767568
36.053504,-96.005487609
34.78039,-96.6703912516
34.637299,-99.2994111201
34.188208,-97.1435962605
34.17369,-97.1623653801
36.744705,-95.9344021600
36.069404,-95.7981134301
33.954158,-96.4191241090
36.299838,-95.6255961221
35.951823,-95.6000311501
34.521869,-97.9672853100
35.625237,-97.4846592500
35.510956,-97.9730761801
36.415893,-97.8892822995
34.675116,-98.416155
34.667888,-98.404483
34.667888,-98.40448333
35.959153,-96.0079883466
36.206472,-94.7697421102
34.5938,-98.4051741718
34.664677,-98.388045206
34.605529,-98.42150824057
34.714904,-98.403322635
34.623901,-98.4323121301
35.349094,-97.477406500
35.319463,-97.492835143
35.769266,-95.360165110
35.2173,-97.4902811544
35.182727,-97.500618191
35.219713,-97.42289211818
35.349819,-97.529532135
35.493684,-97.5087662501
35.60981,-97.5587442929
35.435393,-97.567141300
35.461998,-97.3880244400
35.43469,-97.4387924525
35.493617,-97.6025156700
35.398645,-97.494156721
35.45837,-97.601677400
35.392385,-97.5295387409
35.392352,-97.5664449401
35.56488,-97.6567992800
35.64753,-95.9628381601
34.707817,-97.2413282908
36.738158,-97.0677673110
35.09385,-94.631239437
36.298411,-95.3221854840
35.381906,-96.930282107
36.124382,-97.0509572407
35.887764,-94.9762657150
35.430273,-97.4013610728
36.045795,-95.8555111020
36.003989,-95.88719911316
36.13308,-95.8505721306
36.06019,-95.97513915
36.160248,-95.88617616504
36.160117,-95.7940052030
36.133911,-95.905093242
36.14746,-95.9409197939
36.104847,-95.887058214
35.527443,-95.119462300
35.464335,-97.7246751220
34.185283,-97.12333510011
35.450527,-97.3519182500
35.494077,-97.5467823501
35.518064,-97.5727413501
35.518064,-97.57274110011
35.450527,-97.3519187603
36.282994,-95.822597481
36.161236,-95.891029926
36.314528,-95.620747200
34.77269,-96.6696911608
34.191925,-97.142362900
36.060015,-95.816004611
36.311831,-95.6173951235
34.519081,-97.967561305
33.993896,-96.3906861802
35.411418,-99.425871501
35.873481,-97.4257351305
34.621314,-98.4218671306
33.941045,-97.131971423
34.92025,-95.745623651
35.320203,-97.4985471101
35.231898,-97.479864112
35.492933,-97.51458612320
35.595448,-97.6202692323
35.49294,-97.6194894001
35.511939,-97.5837895550
35.445001,-97.4239317448
35.392006,-97.5473089140
36.291687,-95.840087201
36.303925,-95.319415503
35.01414,-97.3664491120
36.139451,-96.0910481010
35.233846,-96.6706572333
35.35724,-96.911556900
36.36815,-96.015638310
36.125839,-97.0522382104
34.506784,-96.9939111850
35.89213,-94.97759210305
36.013491,-95.8859434994
36.103896,-95.9175985722
36.079284,-96.051208925
35.526468,-98.696392617
36.43318,-99.4143737900
35.463667,-97.38904811021
36.061393,-95.85379816700
36.695982,-97.351459914
34.162147,-97.1430553160
34.622917,-98.4356465907
35.551342,-97.64251
36.063434,-95.7676543409
35.6233,-97.486919300
35.216671,-97.488391429
35.39169,-97.5444892000
35.444581,-97.6003223726
36.108526,-95.9763036839
36.062961,-95.9214462808
34.637604,-98.4576034
34.602712,-98.3910091901
35.560794,-97.6510512501
35.60981,-97.5587443360
35.421082,-97.398548607
36.11517,-97.065834720
35.459637,-94.7983175600
35.526001,-97.5472268711
36.061406,-95.879574
36.390723,-98.066492235
36.121466,-97.0514252603
35.36067,-96.9293521407
34.520012,-97.975031100
35.655948,-97.4750291210
35.652151,-97.4639152
35.623126,-97.4827424329
36.390654,-97.931999200
34.605219,-98.3904572301
34.623713,-98.4255932001
35.318662,-97.4951141400
35.204305,-97.4442592437
35.218942,-97.478628333
35.200899,-97.4425323351
35.218466,-97.4911311106
35.479913,-97.49322714040
35.61298,-97.549511901
35.560794,-97.6510512501
35.60981,-97.5587446201
35.535341,-97.5661046420
35.461634,-97.6286557004
35.551342,-97.647331
35.435829,-97.394952920
35.390153,-97.531043
35.512892,-97.50313812015
36.293448,-95.840219600
36.127319,-97.051086600
35.919552,-94.9668310437
36.011233,-95.88584211201
36.061383,-95.8520744107
36.10277,-95.922243440
36.154448,-95.9426087021
36.062676,-95.8862817129
36.060411,-96.0039757777
36.051227,-95.9577441724
35.480415,-97.760271659
36.470876,-95.0484231008
34.790651,-96.6651772131
36.719207,-95.93566911138
35.999841,-95.8872731101
36.061889,-95.7648921900
36.286492,-95.6333022524
33.999755,-96.4091243580
35.620584,-97.4876763620
36.391453,-97.9223716109
34.624043,-98.466957617
34.914563,-95.746148630
35.319285,-97.496833950
35.770371,-95.3714063009
35.215043,-97.486336104
35.39118,-97.5141511704
35.447454,-97.6005683601
35.610448,-97.5834725301
35.524954,-97.535327141
35.435772,-97.4025928445
35.557162,-97.63913912301
36.293759,-95.835888801
36.739124,-97.074135001
36.292934,-95.324337512
35.385701,-96.92889310
36.127377,-97.0553511957
35.890903,-94.9767893302
36.089513,-95.9393197212
36.058421,-96.003535901
35.513428,-97.745394140
35.463574,-97.3885521569
35.637501,-97.4842751641
35.237281,-97.481764765
35.211769,-97.4433523315
35.53064,-97.57572415
36.126525,-97.0537110904
36.060427,-95.8547031623
36.140817,-95.9685895736
36.103931,-95.9115136060
36.075707,-95.9227231726
34.628018,-98.4922092241
35.609767,-97.5524636817
35.551342,-97.647501
35.390116,-97.5226537601
35.390423,-97.521257108
36.060072,-95.886866820
34.646231,-99.333388415
36.048095,-95.7969973920
35.449472,-97.4429194428
35.42079,-97.4386611722
34.622936,-98.4154821925
34.628651,-98.421898902
34.598358,-98.4043811235
35.348547,-97.51262419
35.745113,-95.3628091320
35.203416,-97.4206531012
35.405962,-97.5330931424
35.492893,-97.4865973610
35.492982,-97.5821123839
35.509889,-97.503744438
35.478405,-97.600755543
35.435437,-97.523406701
35.493563,-97.5243029010
35.492663,-97.3698279253
35.564785,-97.54946211618
36.278208,-95.844974301
36.138916,-96.1143792
35.99936,-96.0991452555
36.177328,-95.9542563036
36.119413,-95.8516225034
36.22664,-95.975986307
36.161328,-95.9059845640
35.551342,-97.64414
35.985108,-96.7686512401
34.18874,-97.158148732
36.018281,-95.8004031520
35.6523,-97.4596731222
34.620576,-98.4232332321
35.440995,-97.406502540
35.217897,-97.4508722500
35.49482,-97.6002692630
35.434871,-97.5604177206
35.551342,-97.647341
35.392987,-97.5300849540
36.292114,-95.8496091918
36.135209,-95.852094949
36.091222,-95.9749928955
36.032995,-95.8858121044
35.493074,-97.7593981521
35.204259,-97.466012409
36.337526,-96.801096212
34.637316,-99.3321366032
35.405104,-97.53014337
34.602606,-98.391039304
33.99768,-96.716796622
36.709541,-97.0911974510
34.595287,-98.334166734
34.623465,-98.4751052041
35.445106,-97.5479944901
35.595509,-97.434018601
34.608322,-98.380539800
35.228583,-97.486624700
35.457902,-97.5962729475
36.291076,-95.83489927
35.38284,-96.9250147128
36.060418,-96.0041628008
36.118222,-95.888372280
36.144738,-97.051645804
34.378682,-96.131613
36.514935,-97.371665801
36.797063,-97.283371
36.721307,-102.547827830
34.132767,-96.274796720
35.515084,-98.969274520
33.995318,-96.3743922200
36.573614,-94.7697351401
33.895899,-94.8117542301
35.317706,-97.4943761000
35.62307,-95.959964403
34.236844,-96.6802137021
36.062676,-95.886281912
34.239276,-96.685201117
35.232254,-96.2408161219
36.435635,-99.39549917000
35.318316,-97.0186371420
35.234765,-97.4416925501
35.527886,-97.5657146812
36.061178,-95.862124124
35.081053,-96.398664549
36.440528,-95.709004314
35.809168,-94.637346415
36.152551,-95.9887322020
35.507512,-98.985364770
35.319829,-97.503174301
35.338549,-97.4903362300
35.203696,-97.475102309
35.213164,-97.4443453301
35.752221,-97.407324734
35.379918,-96.93862705
34.174316,-97.1641841100
35.652119,-97.4651172703
35.505051,-97.971824600
34.916298,-95.744509635
35.747713,-95.4029061617
35.392272,-97.5469973024
35.434626,-97.4853113130
35.433694,-97.3699315
35.462601,-97.601702385
36.229985,-95.338672400
35.290771,-99.6399468613
35.323287,-99.6599954903
35.385141,-96.911668121
36.163275,-95.83119545
36.162162,-95.904144402
36.155949,-95.98646712930
35.478915,-97.759404813
34.638184,-99.323686
34.637825,-99.323205201
34.178685,-97.1439114100
36.745445,-95.9304512800
35.978162,-95.8865782216
36.046798,-95.816685806
35.042759,-97.9372522064
36.284893,-95.6360344843
35.421146,-97.424811806
34.512182,-97.9668661436
34.004977,-96.389815740
35.66747,-97.4932811119
36.385193,-97.889755903
34.484257,-98.3773041314
35.865164,-97.4247911116
34.608407,-98.4061953809
34.62379,-98.4414831200
34.928419,-95.7532911202
34.928537,-95.753224117
35.337316,-97.476843117
35.316768,-97.4767221310
35.351599,-97.512166603
35.744744,-95.3621771337
35.385806,-97.7366921262
35.233658,-97.488113520
35.607175,-97.4781771514
35.420317,-97.4843982617
35.496643,-97.6194082724
35.496591,-97.5476712929
35.435637,-97.6018023445
35.610499,-97.5800274628
35.419281,-97.5468457114
35.449378,-97.401457743
35.580572,-97.6515849356
35.375596,-97.52830412500
36.277883,-95.833903506
36.698779,-97.06767417
36.11401,-96.117911
35.999694,-96.098511438
35.346571,-96.9122851524
36.137791,-97.0661321219
35.877852,-94.967421217
36.094964,-95.97633916
36.151978,-95.9913742604
36.125019,-95.9409092828
36.031569,-95.948023151
36.11766,-95.8506325108
36.089721,-96.0299076927
36.062348,-95.9036837020
36.160456,-95.89820171st
36.060921,-95.9042691
36.162451,-95.949249
36.060918,-95.9022475116
35.522542,-97.618942120
35.493049,-97.743738104
34.506713,-96.96881110600
35.362434,-97.546024500
36.590314,-94.769268
34.057652,-94.7774252
34.502419,-97.967979621
34.914034,-95.746077
35.81269,-94.6263623127
35.015404,-97.933825
36.151327,-95.9904824923
36.06127,-95.920812908
34.637122,-97.958079503
34.514296,-97.951745101
33.959493,-97.112464124
34.175384,-97.165924732
36.018281,-95.8004033302
36.388535,-97.9198913710
36.391449,-97.92375982
34.602456,-98.391043204
35.770331,-95.3631293439
35.218452,-97.4916072501
35.60981,-97.5587442900
35.565242,-97.5677883903
35.425585,-97.5306266801
35.551342,-97.644107
36.10277,-95.9222439705
36.061359,-95.867799825
36.13414,-95.8661423111
36.118216,-95.86861717991
35.493215,-97.21249113102
34.807772,-97.580479201
36.756584,-98.358755736
35.478972,-98.35470913600
35.607495,-97.5489926821
35.551342,-97.649
36.151812,-95.9897461124
36.063607,-95.7795661597
35.637637,-97.483606320
35.214378,-97.424555959
35.560794,-97.651051524
36.115822,-97.0650636630
36.06728,-95.8864927030
36.061823,-95.9589631442
36.064854,-95.775442631
35.320144,-97.4975421401
35.236416,-97.4812332300
35.607368,-97.5533876900
35.560794,-97.6510519635
36.024408,-95.94954
34.175903,-97.1428221010
34.790241,-96.6646821901
35.560794,-97.65105110825
36.061352,-95.8556895833
35.551342,-97.64108
35.123767,-95.670218105
36.264282,-95.8557123201
34.188212,-97.171022
35.65314,-97.4815112101
36.390461,-97.9042051601
35.305844,-95.58824312225
35.593976,-97.436329
35.485022,-95.168411320
36.752117,-95.934541405
36.316536,-95.6274724629
36.389793,-97.9344182632
34.622669,-98.428368617
35.458893,-97.407931423
35.769204,-95.365229123
35.219616,-97.4820981501
35.391686,-97.544782520
35.460932,-97.6172852513
35.358319,-96.9113598144
36.132869,-95.8838219711
36.061886,-95.8677925702
35.551342,-97.641500
35.448528,-97.600515201
36.755237,-95.9356521912
36.031162,-95.7974751910
36.286819,-95.6348248591
36.278072,-95.84602821
36.29415,-95.3235722005
36.133567,-95.9627644401
36.119218,-95.9272745200
36.088112,-95.957986121
36.075685,-95.907397
36.148082,-95.907956610
34.923973,-95.7240141020
35.664606,-97.513946419
36.151868,-95.991676578
34.181008,-97.24751423
36.703955,-97.0788111922
35.456574,-94.7679552102
35.456674,-94.7679141310
36.58226,-94.76913711333
36.119731,-95.849698
35.852064,-98.414368230
36.119404,-97.065826226
34.233188,-95.620317105
35.471421,-98.355572222
35.652814,-97.513927811
36.750206,-95.9668881212
35.515074,-98.9751852205
35.653927,-97.512945412
35.411749,-99.409425504
36.306666,-95.3125631724
35.20392,-97.46732419
36.272645,-98.480317111
35.465587,-97.5097532109
35.392089,-97.5487063025
35.518064,-97.5727418108
36.074932,-95.8859341200
34.506712,-96.9822746746
36.06446,-95.8869645501
35.442506,-97.4251072520
34.201477,-97.1619261901
36.06311,-95.7680052020
36.167589,-95.759417901
34.004376,-96.4020411220
35.652149,-97.463391
35.748693,-97.6027434125
36.3875,-97.9294294020
34.622967,-98.4444052501
35.374202,-97.4945471600
35.765696,-95.4018161049
35.230459,-97.42296840
35.208007,-97.48248112230
35.594139,-97.4305031421
35.450951,-97.4065172
35.391129,-97.5130142624
35.608259,-97.562286401
35.46565,-97.5056735201
35.523755,-97.535547701
35.458887,-97.6016967708
35.551342,-97.649005
36.286315,-95.847595101
36.186073,-96.09810712101
35.987279,-96.015782185
35.382775,-96.926447611
36.129119,-97.058311020
36.060385,-95.8537863130
36.118048,-95.8871377123
36.059787,-95.95718311312
35.513428,-97.7453946963
36.061255,-95.9578483701
35.507994,-97.552373501
35.75237,-95.36715
36.150461,-95.9897521501
34.789885,-96.6528871036
34.174073,-97.1427962221
36.060402,-95.8164662117
33.996619,-96.4019342108
35.66748,-97.509211690
35.319286,-97.4985241021
35.391657,-97.70413615
35.226398,-97.4228765301
35.524238,-97.566436540
35.461162,-97.6187577085
35.435759,-97.4049147100
35.394535,-97.56500510861
36.10502,-95.8558914840
36.091799,-95.9223654418
35.510863,-97.6002238
35.6235,-97.4857571000
35.217347,-97.42518612311
35.594818,-97.5671681841
35.524174,-97.5405267005
35.551342,-97.6410820
36.060461,-95.8557245956
36.077441,-95.92292315
35.802968,-96.507531950
35.20664,-97.482828321
36.076121,-95.8834688988
36.032848,-95.904312225
36.435132,-99.37863114000
35.612679,-97.57362221
34.662499,-99.3340731149
35.6528,-97.4643351724
35.634648,-97.4837272504
34.62333,-98.426517660
35.319804,-97.4973251204
35.23338,-97.4867231630
35.492976,-97.538051940
35.445762,-97.4056332522
35.608193,-97.5600893604
35.506571,-97.5649896401
35.551342,-97.646717
35.539859,-97.566056801
35.461888,-97.6255987500
35.391277,-97.5119768216
36.060766,-95.8844143800
35.509491,-97.6184171600
35.483561,-97.7602392431
36.715067,-95.935112311
36.060404,-95.8172861900
35.650577,-97.455392801
35.609551,-97.4643642312
36.390764,-97.906567110
35.319998,-97.487207775
35.211333,-97.44357111
35.473611,-97.50979715001
35.62271,-97.5671385801
35.529915,-97.5657995900
35.60869,-97.6208496400
35.461777,-97.628179551
36.292203,-95.832214217
36.11886,-97.069372602
36.12899,-97.0595321931
36.135145,-95.92198620
36.151573,-95.9889193144
36.147594,-95.9430293543
36.112075,-95.9757075510
36.104029,-95.9136238518
36.060265,-95.8812094850
36.060885,-95.8481932709
35.374202,-97.4945477741
35.389561,-97.5212533948
36.104813,-95.9764821438
34.997664,-97.3670341508
35.390686,-97.5466915940
35.551342,-97.647646
36.074649,-95.89024633
35.624117,-97.482245620
35.666963,-97.49218513900
35.611795,-97.5670382652
35.565667,-97.562224421
35.392183,-97.5199016641
35.551342,-97.64221
36.394997,-97.8353882311
36.41985,-97.907316123
35.469602,-95.523548453893
36.577059,-94.849282750
35.987974,-96.102992501
34.778989,-96.6703312611
34.173581,-97.162818101
34.386484,-96.1284273125
36.750156,-95.94218411713
35.992889,-95.8859714505
36.810485,-97.338897200
35.830425,-96.3933941341
36.060468,-95.7746391933
36.030326,-95.79696343
36.009769,-95.8544596155
36.07436,-95.850421303
34.024243,-94.7389381100
36.170206,-95.762081228
35.038242,-97.9371721760
36.288546,-95.6332532141
35.504928,-98.987001723
35.984791,-96.7641531208
34.517681,-97.9664692403
33.998237,-96.40765917610
35.653123,-97.4809192107
35.667845,-97.5109222250
35.512787,-97.97303818
35.526173,-97.9548662710
35.411231,-99.436583904
36.391315,-97.926315702
36.395908,-97.8680111621
36.57965,-94.768424112
35.880299,-97.426109409
36.676947,-101.476888414
35.440079,-95.9768431311
34.010803,-95.4975221808
33.895167,-94.80447212
36.022401,-95.9674191015
35.850642,-97.9322644702
34.622988,-98.4489298
34.595275,-98.385621808
34.912977,-95.747258707
34.912218,-95.7459811200
35.347908,-97.4966852006
35.770922,-95.358802221
35.393429,-97.72493125
35.27647,-97.599016909
35.291535,-97.6105281201
35.218793,-97.4230421801
35.204313,-97.468212330
35.595726,-97.5488711420
35.450408,-97.405632231
35.493523,-97.551562401
35.493629,-97.4771062830
35.438024,-97.3701852903
35.435361,-97.5658354621
35.511937,-97.6042765008
35.434731,-97.4275295901
35.461511,-97.6201825917
35.406532,-97.5084916000
35.532109,-97.565354700
35.458994,-97.5145377120
35.551342,-97.647617
35.390156,-97.5301698950
35.49265,-97.3718251016
35.623173,-95.959376202
36.263566,-95.8517148525
36.277637,-95.8429883200
34.739518,-97.2676121308
36.733296,-97.0685821905
35.067229,-94.6265932
36.307873,-95.318791718
35.031721,-97.3658651601
35.45901,-94.769836206
36.138729,-96.1156352
35.998292,-96.120119501
35.993033,-96.1134211101
35.233669,-96.6714031408
35.344699,-96.912454240
35.384681,-96.918982715
36.115253,-97.067681906
34.506846,-96.9933531614
35.894917,-94.97799111104
36.133108,-95.8528541440
36.140933,-95.9926653616
36.147545,-95.9361754235
36.101194,-95.9753054707
36.222557,-95.9750484997
36.090493,-96.0112677180
36.058309,-95.8864157304
36.160374,-95.895268434
36.631824,-95.1580471401
35.959688,-95.395332301
35.956861,-95.3750711400
35.540812,-98.682113206
35.527439,-98.6938412411
36.433095,-99.4110691301
35.488882,-97.760153519
34.001925,-96.41019811115
36.002319,-95.88580313101
35.973439,-95.885928510
35.828571,-96.3912951000
36.061518,-95.7789321050
36.076149,-95.7788522100
36.017899,-95.81465124101
36.019208,-95.7075443621
36.016423,-95.7974438001
36.046868,-95.8501431035
36.306769,-95.5973391100
36.322063,-95.6094921302
36.316455,-95.62540315139
35.933281,-95.65437829220
35.943902,-95.6497232001
35.985611,-96.73986911030
36.00329,-95.976443510
36.017883,-95.976684101
36.189509,-95.159824701
36.187062,-95.1595832315
35.740235,-95.3411782400
35.726089,-95.33972729
35.740402,-95.3731383305
35.740193,-95.3300023450
35.770551,-95.3232434001
35.754499,-95.412095702
35.747296,-95.40190876
35.71173,-95.37518310603
36.279004,-95.85425412807
36.279004,-95.83066714505
36.27903,-95.811489307
36.264526,-95.8522942101
36.662634,-96.331995
36.343308,-96.800435901
36.292934,-95.324337230
36.134394,-96.101224715
36.0075,-96.111409951
36.368102,-96.016161890
36.140292,-97.05251610010
36.024848,-95.94977110021
36.018695,-95.8685331111
36.046501,-96.0056611296
36.060407,-95.85144714495
36.090363,-95.8158742109
36.132909,-95.9040922502
36.190456,-95.9402533939
36.104613,-95.9753354728
36.093325,-95.9223975105
36.088901,-95.8674547675
36.090461,-95.8905282221
35.958404,-95.4093952021
36.142822,-97.068716027
36.077045,-95.90431616830
35.920073,-95.8870174980
36.091476,-95.88661515723
35.920706,-95.8009142525
35.518064,-97.5727417205
35.544677,-97.5166011600
34.190952,-97.142483925
36.75059,-95.9317382212
35.491705,-97.635976701
36.059952,-95.814079737
36.017066,-95.7992872400
35.493123,-97.27096915
36.314496,-95.6206711150
36.002258,-95.681941510
34.50896,-97.966453601
33.999289,-96.4118421323
35.668068,-97.46093214
35.623214,-97.4855092500
35.65296,-97.5169191405
35.518273,-97.9722162404
36.391202,-97.90828320975
35.435043,-97.1613213150
35.432653,-97.1589011050
34.622165,-98.4413571414
34.624695,-98.4226846716
34.623467,-98.474916427
34.919451,-95.7459431118
35.346852,-97.4764241229
35.347988,-97.512635226
35.752947,-95.4021922406
35.772218,-95.339342206
35.39309,-97.7227707
35.290982,-97.6065221000
35.217347,-97.4251862290
35.218037,-97.475425
35.194395,-97.44197910721
35.578612,-97.567553108
35.46326,-97.37043310914
35.580859,-97.54882511900
35.349279,-97.5650741720
35.447695,-97.4057742120
35.305236,-97.5431162511
35.493486,-97.557217309
35.4072,-97.5198373905
35.425433,-97.5315044300
35.422402,-97.565174493
35.523337,-97.6007784500
35.434857,-97.4373446919
35.59462,-97.636268829
35.378478,-97.530137
35.406239,-97.52129212375
36.278545,-95.8356992707
36.735975,-97.0672431200
36.139526,-96.0885430
36.135925,-96.117492613
35.991816,-96.1139171510
35.348309,-96.931707713
36.129898,-97.0509591909
35.892179,-94.97723911309
36.119302,-95.8504181310
36.096826,-95.9753281717
36.180324,-95.9746952036
36.046328,-95.9610483132
36.088835,-95.9429043308
36.176841,-95.939898475
36.154479,-95.9041746533
36.090279,-95.9028278156
36.046199,-95.8862954493
35.516884,-97.601197310
35.528133,-98.6927411215
35.493394,-97.721974101
36.07242,-95.7900449013
36.286315,-95.8452753915
36.090384,-95.932715930
34.781897,-96.6638081215
34.650715,-99.3339481215
34.189477,-97.1435941000
36.043277,-95.7980171101
35.039814,-97.9363561301
36.316244,-95.6257142243
35.502637,-98.9872961306
34.51907,-97.9656752223
33.997696,-96.404994630
35.648142,-97.4816112021
35.391797,-99.405265309
36.394203,-97.8897862323
35.87807,-97.3961082636
34.622986,-98.4290921024
36.887368,-94.8765641100
35.34758,-97.496565142
35.771118,-95.35968170
35.216639,-97.4241021839
35.219018,-97.4696422101
35.595019,-97.5498572741
35.435376,-97.5636852918
35.436139,-97.3697794501
35.494873,-97.6019895000
35.434852,-97.4285627609
35.38991,-97.5305771102
36.738171,-97.071114600
35.44927,-94.798466900
36.137695,-96.096801115
35.988803,-96.1117421111
35.246055,-96.6580341417
35.346039,-96.9113631004
36.132023,-97.0612031721
35.892865,-94.9767981444
36.140947,-95.975841956
36.133852,-95.8515783152
36.089452,-95.9423436718
36.160434,-95.9014976841
36.064018,-95.8858145800
35.551342,-97.641109
35.492911,-97.76018301
35.211366,-97.4442969101
35.375902,-97.5307543120
36.417896,-99.3844416823
36.063582,-95.921445219
35.026089,-99.093156204
35.663474,-97.194221414
36.127491,-97.052155201
35.466746,-97.5087985107
36.089791,-95.9043837121
35.843735,-95.315054102
36.189652,-95.160776632
35.249739,-97.6190971021
35.653134,-97.4660072910
34.622883,-98.4296951440
35.203574,-97.46296910440
35.363693,-97.5296412600
35.439373,-97.40601931
35.439768,-97.5315528529
36.278188,-95.8301694603
35.377253,-96.929231205
36.126305,-97.057152818
34.783044,-96.652081220
34.637896,-99.3315532500
34.664082,-99.331962602
36.797869,-98.667134728
35.057842,-98.255265
34.278861,-95.6671731001
34.174467,-97.1421111202
34.188212,-97.169751303
33.940379,-97.1322841111
34.376037,-96.1340582441
36.713542,-95.9351274000
36.740478,-95.932006606
36.746352,-95.9346167010
35.492832,-97.63574312101
35.988281,-95.886523909
36.81213,-97.337625702
35.839363,-96.39150811091
36.003294,-95.6806481250
36.075466,-95.7571552301
36.058452,-95.8171792525
36.076838,-95.8152233800
36.015608,-95.7979876310
35.990753,-95.799965830
36.059948,-95.797415513
34.021894,-94.739093300
36.165481,-95.7616481818
35.710032,-96.86009999
35.472609,-95.5364671901
35.043414,-97.9493252027
35.033056,-97.9349323
35.051183,-97.93577614855
35.4935,-97.2682577300
35.393606,-97.2636641404
36.168819,-95.3418131220
36.316733,-95.6250561500
36.294725,-95.6296281720
36.29076,-95.630993309
36.306065,-96.4636662301
35.501097,-98.9880542415
35.519514,-98.98841411604
36.322689,-95.8245771140
36.01168,-95.6724532230
35.986141,-96.7375951817
34.528378,-97.9673072227
33.997711,-96.4059421225
35.639959,-97.4284681235
35.667042,-97.4966011300
35.652145,-97.4624931400
35.640852,-97.4871011414
35.639142,-97.51381814927
35.622206,-97.5076216410
35.637618,-97.56657420
35.623497,-97.4850642933
35.609125,-97.4614722424
35.511345,-97.9731677738
34.783101,-98.2969942009
35.392792,-99.40492420221
35.409332,-99.3764161010
36.39591,-97.890681125
36.41938,-97.8930514109
36.390655,-97.9290395505
36.388348,-97.945953620
35.278445,-95.583372622
35.79366,-95.247757920
35.785017,-95.239751110
35.959215,-96.01096209
36.593749,-94.7728581527
35.861126,-97.425851906
36.698565,-101.483892
35.215891,-95.8857793115
35.433338,-97.159455500
35.439456,-95.975982424
35.08679,-96.382042500
35.087707,-96.3812861509
34.009395,-95.493966201
33.894124,-94.790963404
36.426249,-94.78617212101
35.98783,-96.016381605
36.02306,-95.9765111600
35.841459,-97.9325861
34.609463,-98.4741821015
34.594808,-98.40430630
34.608477,-98.4222073144
34.622935,-98.4347486215
34.60946,-98.4740876301
34.632199,-98.472019401
34.822276,-97.586563511
34.085804,-96.769323
36.211619,-96.6906011758
34.92635,-95.742616432
34.919233,-95.7411231131
36.888316,-94.877575105
35.320627,-97.487878501
35.320836,-97.492632630
35.348779,-97.4988631000
35.772157,-95.373288101
35.754611,-95.402942140
35.770936,-95.3593152415
35.740065,-95.339197
35.715579,-95.394661101
35.394805,-97.7226723254
35.249739,-97.619097101
35.217868,-97.4895011150
35.218384,-97.424241551
35.182728,-97.4166891720
35.203618,-97.4667712030
35.181901,-97.506433333
35.221519,-97.481938351
35.233228,-97.4415723520
35.26191,-97.493358
35.218508,-97.485348611
35.423458,-96.299692100
35.389099,-97.5117181004
35.466489,-97.5292910609
35.361895,-97.56540810809
35.579785,-97.56747811000
35.581202,-97.637976113
35.493761,-97.5142712135
35.594594,-97.43560112216
35.594247,-97.548836130
35.565569,-97.51262313501
35.607346,-97.62142614001
35.612932,-97.5499831501
35.435344,-97.4836881535
35.516613,-97.5299481801
35.52571,-97.5403872000
35.608507,-97.548023201
35.463452,-97.6542992101
35.493309,-97.5490232700
35.477924,-97.4637032901
35.435818,-97.565795312
35.463258,-97.6004623722
35.510814,-97.584113400
35.461923,-97.688329401
35.462202,-97.6189754418
35.421024,-97.5078914502
35.434915,-97.436886501
35.464283,-97.5035365815
35.530042,-97.4766536012
35.405196,-97.5475026100
35.462778,-97.6225816700
35.539496,-97.5652917025
35.449681,-97.4037077525
35.390844,-97.5301747800
35.551342,-97.647800
35.388468,-97.4229198000
35.463984,-97.3885548001
35.581462,-97.6410819000
35.435223,-97.3707829001
35.493004,-97.3707799001
35.37669,-97.548413925
35.334788,-97.531109480
35.619621,-95.96084312101
36.293024,-95.8392887590
36.263212,-95.850371100
34.741565,-97.2624021900
36.662634,-96.331995102
35.98548,-97.0304042802
36.28906,-97.32390913300
35.606288,-97.745255
36.715389,-97.1302332124
36.728979,-97.0678481801
35.066184,-94.6250063108
35.093547,-94.631618849
36.294131,-95.3238722211
34.984468,-97.371467305
35.405214,-94.5139471006
35.449187,-94.805572220
36.186073,-96.09810799
36.186073,-96.0981071002
35.988419,-96.13686616
35.988136,-96.1132122305
35.323287,-99.6599951423
35.237489,-96.6717121411
35.345729,-96.911452196
35.386473,-96.9217514849
35.382283,-96.929044610
36.369069,-96.0098181310
35.25408,-95.109509110
36.130507,-97.0592152302
36.114891,-97.086565920
36.115639,-97.069623
36.095484,-97.09595201
35.808542,-94.629151801
35.771813,-96.6894862539
34.506216,-97.0010351501
35.896962,-94.9758131210
35.274061,-96.9311321216
36.140408,-95.9759771301
36.144213,-95.940371406
36.060633,-95.972461441
36.176616,-95.9750851708
36.158635,-95.9669851829
36.135589,-95.8511072019
36.046435,-95.962025207
36.158937,-95.8858222104
36.132977,-95.9050782245
36.130168,-96.00696229
36.157596,-96.0197263106
36.118838,-95.886683333
36.156165,-95.8325234122
36.103383,-95.8516224249
36.101296,-95.9222464780
36.093944,-95.9401554935
36.091485,-95.8860825819
36.078452,-96.0468857010
36.062139,-95.92177105
36.060901,-96.0039748105
36.161165,-95.8859788112
36.046287,-95.8684938952
36.032264,-95.8869979525
36.06135,-95.8695099535
36.060972,-95.869895111
36.63832,-95.154173767
36.660071,-95.181344420
35.9567,-95.395267
34.37529,-98.3782221003
35.552789,-95.3090565812
35.551342,-97.645850
35.511179,-97.617933105
35.526961,-98.694553417
34.917707,-95.3163982720
36.433557,-99.4157861252
35.48993,-97.76094931
35.507944,-97.7429554
35.466037,-97.72418816
36.059778,-95.7980735620
35.528559,-97.565208300
36.025248,-95.957581321
35.213115,-97.4445324
35.466101,-97.5113645459
36.084127,-95.867899601
35.216001,-97.4498963825
36.744225,-95.9335941504
35.493915,-98.9789641609
35.505923,-97.973469840
36.88479,-94.8771544920
36.092349,-95.8866211737
36.137208,-95.9041615694
36.080998,-96.048709112
33.939569,-96.6122842431
36.076332,-95.9565251625
36.75145,-95.99594111063
36.003626,-95.885775600
35.985113,-96.7664744929
36.061269,-95.9206541120
35.453626,-97.3701613171
36.117266,-95.8332462433
35.493985,-97.532922601
35.52532,-97.5596210161
34.232916,-97.4759421150
35.652695,-97.4645772125
35.392084,-97.5491917301
35.435544,-97.3966321301
36.064514,-95.7752074021
34.62417,-98.445066117
35.217636,-97.4887561844
35.516613,-97.5299482321
35.39211,-97.553072639
35.61026,-97.5623716330
35.461903,-97.6263749072
36.290512,-95.8413882100
36.14331,-97.0523071954
36.132921,-95.9635147019
36.062057,-95.8856631623
36.379295,-97.889526602
35.694531,-97.066013233
35.624095,-97.4863353000
35.213368,-97.486569120
35.464904,-97.6004023500
35.534575,-97.581013544
35.526812,-97.459887544
35.390625,-97.5229185340
36.103815,-95.9153888702
36.060448,-95.878622501
35.60981,-97.5587447021
36.062676,-95.88628120
35.467192,-97.514072205
34.162489,-98.0012293600
35.619911,-97.4877847206
34.622883,-98.480034860
35.229296,-97.4865512219
35.393277,-97.5508164144
35.543103,-97.5543514723
36.093867,-95.9214859006
36.060309,-95.8771749710
36.022042,-95.9498854150
36.102722,-95.86639413700
35.610385,-97.5488031978
36.133282,-95.964771978
36.13145,-95.963714307
36.118838,-95.9279571314
36.065266,-95.775157309
35.651725,-97.4604621936
34.631207,-98.4921971401
35.325683,-97.491211540
35.237509,-97.4825571544
35.182727,-97.500618116
35.39168,-97.51083414040
35.61301,-97.5670871901
35.560794,-97.6510512201
35.49361,-97.549993500
35.462028,-97.6175657171
35.435755,-97.4019327700
35.551342,-97.6412403
36.293842,-95.8349810535
36.009881,-95.8856164728
36.132941,-95.9235427784
36.050903,-96.0049789815
36.06136,-95.8671432201
36.053908,-95.8159361472
35.638826,-97.4588192200
35.217926,-97.47408310600
35.362434,-97.5460243321
35.518064,-97.5727414401
35.611461,-97.6020896410
35.461688,-97.6284086816
35.541152,-97.5294187101
35.560794,-97.6510517199
35.435301,-97.39998512417
36.294933,-95.833772113
36.126402,-97.06002111123
36.060946,-95.8526261624
36.140273,-95.9686055601
36.104865,-95.9138126981
36.061191,-95.9578487547a
36.05434,-96.0041288920
36.033772,-95.887149112
34.774823,-96.678314
34.637882,-99.3301491109
34.174508,-97.1445991910
36.723599,-95.9344526323
35.990022,-95.797395904
36.061431,-95.797839502
36.307735,-95.619352900
36.31488,-95.620483109
35.653363,-97.4792434330
36.391415,-97.9317092112
34.622761,-98.4211734645
34.609497,-98.4564811200
34.924786,-95.7550031040
35.454169,-97.369952735
35.349135,-97.5014621111
35.201267,-97.447663203
35.233392,-97.48893311005
35.581546,-97.5500582129
35.494211,-97.5496272204
35.390857,-97.5510054745
35.435624,-97.429937011
35.551342,-97.6412402
36.277819,-95.8355313001
34.740383,-97.26612412174
35.985645,-96.012582925
36.132457,-97.0603310829
36.119491,-95.8552522802
36.147502,-95.9490244932
36.031418,-95.920945111
36.089142,-95.939716105
36.074904,-95.867728010
36.009193,-95.886193627
35.507366,-97.619291107
35.493417,-97.7422752012
34.632248,-98.4217683535
36.750182,-95.9376383030
35.500192,-97.636012000
36.0472,-95.8141891229
36.3163,-95.6250612000
35.665542,-97.5105093248
35.624024,-97.485952204
36.395324,-97.890686404
36.019794,-95.976336746
35.748854,-95.340368425
35.385806,-97.7366921354
35.23494,-97.486261101
35.465087,-97.37158215001
35.62271,-97.5671382220
35.493182,-97.5503636401
35.560794,-97.6510517755
35.580564,-97.652275815
35.348782,-97.5256159230
35.564317,-97.549239501
35.566679,-97.5675138509
36.276306,-95.82965110016
36.01811,-95.86937611081
36.003342,-95.8856241931
36.135145,-95.9219866147
36.090202,-95.9056648011
36.047246,-95.904209618
35.493413,-97.7534751028
35.040361,-97.93693617805
35.292587,-97.1600614512
36.060865,-95.8444591141
35.653748,-97.4644521500
35.238638,-97.483741841
35.524174,-97.54052610005
36.018448,-95.8863423535
36.112226,-95.9752765954
36.077451,-95.922313291
35.467178,-97.4068433301
35.788956,-95.431153111
35.973744,-97.0339252125
36.728843,-97.0668797432
35.391956,-97.5649381230
34.78888,-96.66945311
36.437245,-95.269861201
34.637984,-99.3162291703
34.656552,-99.33462205
36.797417,-98.65418925
35.064874,-98.2510751606
34.191424,-97.142566410
34.170752,-97.1605171815
34.366458,-96.140565300
36.750198,-95.972916830
36.74416,-95.916855415
36.732403,-100.5558316808
35.492827,-97.63287412102
35.987844,-95.8871528
36.811868,-97.290356664
36.729656,-102.505354800
35.840698,-96.3898922350
36.06133,-95.7621853321
36.018362,-95.796288900
36.044779,-95.81574703
34.020008,-94.739179616
35.105606,-98.554061701
35.463742,-95.525931612
36.742687,-98.3596362001
35.030243,-97.93413514729
35.493557,-97.269732600
36.306883,-95.6193531024
35.502708,-98.9730922007
35.98534,-96.7388101
34.501887,-97.1263811910
34.529144,-97.9662171119
33.993148,-96.38864716325
35.636149,-97.5138533408
35.752221,-97.40732921
35.667599,-97.4672122415
35.511925,-97.9721531120
35.411406,-99.4178054125
36.3875,-97.929429905
36.396647,-97.8648451202
36.278978,-98.4798253985
34.650518,-98.422666036
34.661855,-98.376804
34.652485,-98.422189618
34.383399,-99.016703480
35.959158,-96.001866501
36.593687,-94.776076218
35.88009,-97.396269414
36.701414,-101.485535
36.766431,-101.464515715
34.203768,-97.4747829939
34.232916,-97.475942302
36.116399,-97.8959191009
35.016159,-99.105368103
35.087246,-96.378411109
34.010884,-95.5003942011
33.895863,-94.799965
36.4469,-94.762583
36.4469,-94.7625831616
35.840854,-97.9328972311
34.623814,-98.4262014501
34.593688,-98.3344116118
34.623081,-98.467438730
34.617229,-98.4051441204
34.837203,-97.619585606
34.096339,-96.774141408
34.886625,-99.50202
36.127394,-96.355309101
33.940836,-97.132561905
34.65778,-97.958153620
34.914402,-95.744522101
36.876206,-94.8786551320
36.890324,-94.8769941402
35.350749,-97.476857741
35.348832,-97.4785554891
35.737398,-95.418563501
35.769136,-95.366314350
35.394539,-97.724174803
35.149619,-97.3962561529
35.199171,-97.4758721808
35.203226,-97.4704053451
35.260467,-97.493881901
35.229125,-97.422912120
36.699391,-95.62993110400
35.364058,-97.52898112100
35.592755,-97.63761713144
35.603714,-97.5671521630
35.492976,-97.53805205
35.536866,-97.5157652823
35.436392,-97.565912839
35.437411,-97.3713084433
35.493654,-97.600324436
35.421131,-97.4409924709
35.519212,-97.5037476324
35.402637,-97.5299096516
35.539129,-97.5285247018
35.565613,-97.637297720
35.551342,-97.647900
35.551313,-97.564938407
35.619728,-95.9598312922
36.278105,-95.828151801
34.736291,-97.2273771508
36.289224,-97.30282301
36.731806,-97.0667232102
35.07087,-94.627768501
36.297621,-95.322013413
35.008571,-97.366732100
35.40578,-94.5129092333
35.45449,-94.763249221
36.138662,-96.1066432
35.988442,-96.1146452301
35.243385,-96.6712051401
36.26206,-99.8814851718
35.351483,-96.9125492206
35.356892,-96.9301411355
36.368568,-96.018697503
35.25323,-95.1206632000
36.141567,-97.06871807
36.130814,-97.0511322106
34.508276,-96.997261002
35.914889,-94.956772412
35.260434,-96.9323511122
36.133096,-95.8522891907
36.134935,-95.93998631
36.16144,-95.9400713140
36.117675,-95.8870844911
36.092581,-95.9754587120
36.05941,-95.8886257121
36.059875,-95.8858038215
36.044838,-95.939484830
36.635376,-95.143916109
35.958043,-95.394513511
35.841824,-98.419272
35.852064,-98.414368309
35.528179,-98.694581805
34.920275,-95.319833805
34.913445,-95.3213471201
36.43448,-99.3936982511
36.421738,-99.3891331621
35.48141,-97.759683420
35.506992,-97.737037708
35.492871,-97.6501513901
35.450085,-97.443855415
34.000869,-96.405191746
34.927406,-95.743556417
34.921033,-95.7449311107
35.754547,-95.340742200
35.462786,-97.3880142916
35.405797,-97.5664177901
35.551306,-97.5660142224
36.730957,-97.0676794816
35.520697,-97.618617103
36.755636,-101.0762961000
35.217347,-97.4251861506
35.203563,-97.4637483205
35.233368,-97.4889526120
36.071913,-95.922238905
34.50603,-96.979117301
35.537425,-97.5184351450
36.061469,-95.7735312320
35.630023,-97.4838336119
34.624107,-98.46811712401
35.59601,-97.5498724529
35.493307,-97.6031725200
35.523175,-97.5651586233
35.551342,-97.647612
35.39009,-97.5296267801
35.388425,-97.4242324721
35.379803,-96.929143360
35.421082,-97.39854810207
36.105102,-95.86352510419
36.011877,-95.8859421117
36.177226,-95.976802
35.513428,-97.7453942219
35.073929,-94.6289422625
34.199844,-97.160485201
34.025738,-94.739571911
34.739325,-97.247296
34.709872,-94.9163822401
34.18874,-97.1581482113
36.060912,-95.813309100
35.655948,-97.4750291169
35.6528,-97.4644731333
35.668395,-97.5152963200
35.687008,-97.4787423217
35.624187,-97.486273518
36.391444,-97.9201662334
34.634529,-98.378113502
34.609932,-98.395523604
34.615403,-98.4227112101
35.319888,-97.493344156
35.217575,-97.4240981808
35.203226,-97.470405900
35.210203,-97.4437411020
35.477708,-97.505524110
35.468039,-97.5162651720
35.524929,-97.536958920
35.362876,-97.5317810031
36.061699,-95.8640561243
36.144526,-95.9400751419
36.140893,-95.97249515
36.151389,-95.9903063944
36.106109,-95.8514867030
36.061823,-95.9589637125
36.060408,-95.9208017777
36.191579,-95.893593701
35.526222,-98.6993991751
35.479814,-97.76016613978
35.72859,-97.37156811815
36.279537,-95.8425433112
34.623169,-98.43165225
35.76925,-95.362001302
35.220984,-97.4866721000
35.390354,-97.5320812625
35.610387,-97.5617164243
35.543103,-97.554351435
35.384933,-96.926677102
36.127182,-97.0584644525
36.090483,-95.9251356728
36.064875,-95.886955809
34.08118,-96.7653664801
36.060347,-95.8485841050
35.205496,-97.48362813800
35.610808,-97.5481699017
36.286682,-95.8447879810
36.021448,-95.949275910
36.131542,-97.06035611276
35.380449,-96.6705473510
35.518064,-97.5727416603
36.067433,-95.885671904
34.628221,-98.417026
35.097083,-97.0274337806
36.12003,-95.88826910161
34.232916,-97.4759423709
35.5092,-97.4932481715
36.137086,-96.006578900
35.210203,-97.4437414901
35.386721,-96.9292831250
36.061405,-95.775855503
34.918506,-95.7461422400
35.441071,-97.406024631
35.320144,-97.4975422030
35.203632,-97.4720171505
35.392272,-97.5449212620
35.608257,-97.5616753323
35.518064,-97.5727417100
35.395138,-97.5960848425
35.55655,-97.638833909
35.45598,-97.406146310
36.125839,-97.05223810205
36.015089,-95.8857912343
36.061208,-95.9585394905
36.105085,-95.9218346705
36.047234,-95.902166815
35.5177,-98.7077218526
36.278107,-95.830168108
35.653843,-97.481022452
36.524607,-95.0290541412
36.733286,-95.935217414
36.798946,-95.9362951400
34.914437,-95.772749103
36.700047,-95.6296213720
36.277709,-95.8222041217
34.189955,-97.143593130
35.622712,-95.960698208
36.125294,-97.0522382521
35.609811,-97.559228
35.666112,-97.4971281206
34.516761,-97.9317632310
35.492711,-97.529559415
34.778028,-96.6703311113
34.649033,-99.33418825
36.797444,-98.658189902
35.057448,-98.258292603
34.232222,-95.613745909
34.888905,-98.3655491101
34.180228,-97.1415542504
34.20134,-97.142397610
34.380241,-96.130251317
36.751525,-95.9924923800
36.728526,-95.9345122200
35.491814,-97.6538757000
35.512524,-97.63543915098
35.945027,-95.887136420
36.812418,-97.2882321215
35.125562,-97.671684140
35.830548,-96.3925172220
36.061363,-95.8164552361
36.060557,-95.7623243701
36.088837,-95.8147314700
36.046861,-95.8482536115
36.074731,-95.850422620
36.017777,-95.7961556300
35.991764,-95.797877803
34.018858,-94.739089112
34.623299,-98.621849713
33.936813,-96.42417810
35.105208,-98.59152619305
36.160886,-95.760755816
35.710213,-96.870595601
35.465002,-95.524853428
35.0468,-97.93733314617
35.441658,-97.2667657500
35.390057,-97.2641691036
36.179533,-95.3431461328
36.31712,-95.6263782050
36.286016,-95.63479826053
36.28315,-95.615434209
36.305916,-96.4661121415
35.51571,-98.978165605
34.530916,-96.218402207
36.364514,-95.825416409
34.372459,-97.96461312
35.303774,-98.98786311117
36.002401,-95.67995213565
35.967304,-95.65668705
35.984787,-96.764946601
34.505723,-97.115957304
36.787872,-95.934753710
35.988281,-96.5913082111
34.531862,-97.9673351111
34.001044,-96.3732793619
33.997878,-96.41731416331
35.637512,-97.55001818031
35.65478,-97.58545519205
35.666477,-97.5321632820
35.608712,-97.46149301
35.725712,-97.474195306
35.681157,-97.4828383121
35.752221,-97.40732317
35.651001,-97.461283805
35.653153,-97.495004
35.65314,-97.4815111120
35.532902,-97.9660647457
34.781914,-98.299908801
35.411961,-99.413572
35.411734,-99.4049251502
36.391167,-97.8553311617
36.37965,-97.8895494913
36.390177,-97.938933905
36.41917,-97.88887530
35.283892,-95.5822841211
36.28037,-98.4803791598
35.788085,-95.240722500
34.38507,-99.01647928
35.959153,-96.0080492000
36.576462,-94.7691032222
35.881631,-97.394826719
35.870937,-97.425766
35.881631,-97.3948261853
36.697584,-101.48254620200
35.492671,-97.1738323140
35.433025,-97.158897700
34.846226,-95.561537210
35.748465,-95.339914107
34.233203,-97.483588301
34.232916,-97.475942818
34.886,-94.60417527
36.115115,-97.898604504
35.44016,-95.9764211025
35.015994,-99.0948331122
35.087077,-96.38892515
36.414614,-96.3886961210
34.010362,-95.4986831600
33.894811,-94.8077471734
36.412983,-94.81458912150
35.986229,-96.01329310
36.022285,-95.972308240
35.565395,-97.2884371621
36.470757,-95.0484241201
35.849275,-97.932253705
33.998806,-96.707623524
34.959958,-96.7592512302
34.609287,-98.3608724125
34.714158,-98.4023922612
34.593998,-98.4303282820
34.637115,-98.422676307
34.594593,-98.3926626101
34.623913,-98.466125802
35.014405,-97.32535508
34.837126,-97.609152208
36.187062,-95.15958316864
34.173278,-97.261901400
35.666268,-97.193222708
34.09729,-96.7744731210
34.885144,-99.500646100
36.127743,-96.355331004
33.941105,-97.127986908
34.657813,-97.9573561040
34.920842,-95.7716593335
34.91651,-95.71516826
35.435976,-97.0978891520
36.892305,-94.877106105
35.349155,-97.4900571905
35.320972,-97.4949521007
35.404494,-94.5840631001
35.751766,-95.3810821921
35.766957,-95.340703320
35.741928,-95.340082273
35.392105,-97.720408855
35.291604,-97.609549912
35.255927,-97.599688221
36.884413,-97.053971800
35.149678,-97.3976091000
35.230314,-97.4808011300
35.203414,-97.4215971730
35.203597,-97.4674817901
35.233184,-97.1781712300
35.217701,-97.407062850
35.188468,-97.4507794344
35.230234,-97.281452705
35.228003,-97.440696327
36.695605,-95.629241502
35.426351,-96.2991161011
35.456691,-97.68906111529
35.351954,-97.53070411820
35.349703,-97.565005120
35.435071,-97.50944813200
35.604177,-97.56676213700
35.331459,-97.5470881452
35.565256,-97.53996515001
35.47089,-97.513761701
35.448515,-97.4418381900
35.445556,-97.600586208
35.463914,-97.50862221
35.493509,-97.5105612109
35.595059,-97.550364217
35.462215,-97.406792315
35.491915,-97.4771662400
35.493614,-97.5468772550
35.43949,-97.3701832701
35.511885,-97.5619752707
35.406697,-97.562322800
35.436853,-97.5650692828
35.376819,-97.564652915
35.436229,-97.3712543000
35.434973,-97.4852563015
35.518064,-97.5727413342
35.492913,-97.576393701
35.426714,-97.6548063701
35.610467,-97.5865334121
35.514005,-97.5934794216
35.51087,-97.5954394225
35.423015,-97.4416724403
35.479199,-97.599194417
35.537198,-97.5997055635
35.529775,-97.5302485901
35.464812,-97.6194736101
35.534018,-97.4775126101
35.405343,-97.5084157040
35.395421,-97.4229827640
35.549288,-97.5652298001
35.59503,-97.6566938116
35.581462,-97.6410818420
35.382123,-97.529303900
35.466189,-97.527978901
35.428527,-97.5305179050
35.492304,-97.3688369300
35.564656,-97.637859909
35.450097,-97.354536900
35.623138,-95.961501505
36.441101,-95.70928913314
36.321455,-95.8252578701
36.282994,-95.82259201
34.738459,-97.2247072505
34.741088,-97.2567132001
36.662634,-96.331995521
36.338684,-96.8012081202
35.986083,-97.033203515
36.289264,-97.3015131317
35.650888,-97.7456541401
35.274619,-94.4784352603
36.736013,-97.066535501
36.7245,-97.078268608
36.697546,-97.0676311706
35.066708,-94.624281113
35.486308,-96.688965439
36.298465,-95.321564508
35.007844,-97.365971304
35.405214,-94.513947550
35.448929,-94.797973101
36.108595,-96.116292229
36.134637,-96.100624602
35.998596,-96.1058171109
35.30283,-99.640418525
35.228619,-96.6713241816
36.261527,-99.881491106
35.338944,-96.9125252131
35.356148,-96.92923840210
35.304624,-96.9423694439
35.375877,-96.9119544625
35.378837,-96.929697707
36.368363,-96.0103420
35.240792,-94.62551608
35.25227,-95.118973215
36.124328,-97.058288423
36.11713,-97.0505224425
36.115112,-97.117492
35.81269,-94.626362603
35.752539,-96.6624621322
34.506715,-96.9846831200
35.914997,-94.953197109
35.261284,-96.935756402
34.232537,-96.6739441200
36.681264,-97.2970691007
36.130082,-96.00363110830
36.006242,-95.8871710901
36.104826,-95.85510511231
36.14853,-95.8515251133
36.046497,-96.005421120
36.157941,-95.9675291547
36.139,-95.9578921627
36.179596,-95.9751531919
36.134768,-95.8862033017
36.1203,-95.8327023820
36.107302,-95.9760853821
36.107056,-95.939664534
36.089305,-95.9250794759
36.09424,-96.0116534801
36.094102,-95.8859824904
36.160492,-95.9221854927
36.032327,-95.9209114949
36.06133,-95.920135908
36.078618,-95.9584436546
36.118463,-95.9025768030
36.046777,-95.9582978130
36.031457,-95.8852729310
36.060479,-95.872629405
35.291138,-97.8075711001
34.003514,-95.100008130
36.635294,-95.143231002
35.960352,-95.390066219
34.362487,-98.3118891000
35.552789,-95.3090565750
35.551342,-97.64103
35.840845,-98.4127448120
34.158363,-97.92459208
35.525736,-98.705627
36.003058,-94.620411220
35.146099,-96.493059503
34.918558,-95.3167841918
36.434021,-99.40445
36.433741,-99.398387807
34.636412,-97.16873125
35.469553,-97.724819729
35.50824,-97.754898905
35.903968,-94.9764105
34.656278,-99.2880811602
36.470701,-95.04842412038
35.989729,-95.670721400
36.87584,-97.058049501
36.073232,-95.796749
35.991539,-95.811131102
34.898494,-95.7571096100
35.461001,-97.6222337181
35.435706,-97.40126136
36.074063,-95.8870871340
35.985504,-96.7507251748
36.131996,-95.966378119
34.774143,-96.679668812
34.782489,-96.6520821600
36.710897,-94.928691503
34.654142,-99.334231501
34.638191,-99.328239107
36.797444,-98.656769744
35.05694,-98.256399505
34.229453,-95.630191228
35.663914,-97.3235023201
34.188212,-97.171022901
34.179752,-97.1388961811
34.366966,-96.14108609
34.380942,-96.130417111
36.749761,-95.9763591412
36.733286,-95.935217326
36.723061,-95.9046317136
35.492629,-97.63862431209
36.567124,-95.33037213161
35.972846,-95.88592915020
35.946167,-95.8866114511
36.81488,-97.337585127
35.137796,-97.6585031100
36.729639,-102.499605224
35.831077,-96.3912271003
36.062396,-95.7968791050
36.076149,-95.7788521226
36.062009,-95.7756622006
36.046852,-95.8138033313
36.018886,-95.7968613900
36.060718,-95.6904546303
35.989597,-95.7967628005
36.046875,-95.850281703
34.004939,-94.739121407
34.623956,-98.628253104
33.926866,-96.434012150
33.881278,-96.500387245
35.416661,-98.23682319322
36.159729,-95.76037519801
36.365371,-95.5766182500
36.191643,-95.7340555248
36.231317,-95.7596071804
35.710327,-96.8610221121
35.474092,-95.534676207
35.471126,-95.522659219
36.539316,-95.4246212001
35.030883,-97.930908918
35.041474,-97.93725814473
35.440738,-97.2755744564
36.162535,-95.3425791212
36.316264,-95.6243571500
36.294725,-95.6296282000
36.28315,-95.615434600
36.32221,-95.610857200
36.305528,-96.46545810331
35.52817,-99.01152134
35.505725,-98.986217906
34.528309,-96.218909701
36.364179,-95.833009120
34.368239,-97.963821420
35.295058,-98.98797211207
36.001648,-95.67773914050
35.959767,-95.652534432
35.946289,-97.5946041040
35.985477,-96.7570113100
35.987487,-96.721008109
34.503723,-97.1229242392
36.814719,-95.934481815
35.98846,-96.5921051225
34.518414,-97.9680731845
34.527598,-97.970289503
34.4966,-97.9693991317
34.003386,-96.3732143601
33.999289,-96.41184210808
35.765411,-97.454269121
35.725337,-97.4749931320
35.668156,-97.4940621475
35.638859,-97.4268851525
35.653197,-97.4592781605
35.637101,-97.48413416325
35.636149,-97.51385317900
35.65304,-97.531674212
35.652547,-97.4793722124
35.638151,-97.5507282200
35.666058,-97.5123173248
35.624024,-97.4859525807
35.681827,-97.4050881645
35.508391,-97.9375192420
35.511768,-97.9730457439
34.782348,-98.3015761206
35.411483,-99.4188282703
35.421928,-99.375612333
36.419516,-97.9052652402
36.391235,-97.908287515
36.391781,-97.8898545601
36.390202,-97.9468771601
35.305844,-95.588243616
35.27835,-95.583407910
35.787984,-95.243169800
34.38208,-99.016601519
35.959157,-96.0021862115
36.576343,-94.766201521
36.593756,-94.7767441612
35.861069,-97.4250722530
35.878973,-97.3961162102
36.701123,-101.484122404
36.700964,-101.4825820446
35.492583,-97.1688163400
35.428887,-97.157868622
35.813497,-95.67490911250
34.232997,-97.48439708
34.88729,-94.604367721
36.102486,-97.898624708
35.440162,-95.973195327
35.527469,-98.3506391020
35.086588,-96.389753623
36.423366,-96.3901091003
34.010853,-95.50142210
35.93276,-95.14631130640
36.166799,-95.529667443
36.421122,-94.79576112018
35.988963,-95.976526510
36.017883,-95.976684807
36.024035,-95.960955305
35.566315,-97.282182719
33.997503,-96.703916445800
36.453702,-95.14096959
36.59794,-94.7574541204
34.595989,-98.334271916
34.622928,-98.41795624169
34.713769,-98.4016542601
34.634598,-98.4042512706
34.608604,-98.43147328
34.610173,-98.475159401
34.605534,-98.393883502
34.837232,-97.608622
36.173712,-95.17138816730
34.173299,-97.259496513
34.096135,-96.774686158
36.126708,-96.3554071004
33.941105,-97.1279861102
34.660034,-97.957405203
34.930792,-95.767531418
34.920048,-95.742779120
35.502454,-96.8951642240
36.901202,-94.8771772415
36.904538,-94.87976101
35.465087,-97.371582119
35.338684,-97.4876092100
35.318843,-97.49265623
35.345895,-97.49592811
35.334633,-97.4746282410
35.772228,-95.338662421
35.724336,-95.340873000
35.78446,-95.401593501
35.75237,-95.367719
35.745311,-95.402578944
35.770474,-95.374056230
35.393489,-97.7225423300
35.293457,-97.6061141020
35.231187,-97.4414441632
35.237159,-97.4818891951
35.20438,-97.4698332339
35.218745,-97.4761513040
35.181317,-97.417791311
35.214935,-97.4230663201
35.233471,-97.488533301
35.21847,-97.4908613401
35.218459,-97.4914013451
35.260467,-97.493881601
35.226765,-97.420854765
35.211769,-97.443352206
36.701482,-95.629371114
35.726338,-97.9767971001
35.466868,-97.5296331035
35.399248,-97.4927381102
35.47937,-97.5214821150
35.420471,-97.4922211647
35.350847,-97.5313671215
35.452088,-97.40645712207
35.594151,-97.62132112225
35.593976,-97.43632912325
35.59572,-97.56860413801
35.61112,-97.5500371901
35.560794,-97.6510512122
35.443907,-97.6006712137
35.494319,-97.549969216
35.469638,-97.517815220
35.565565,-97.51677723
35.466365,-97.6545542401
35.494398,-97.5545282501
35.60981,-97.5587442720
35.435143,-97.562644300
35.492949,-97.5175453000
35.363116,-97.569633224
35.502716,-97.5338183233
35.377659,-97.5735273706
35.521954,-97.5843463825
35.425808,-97.5314533925
35.511638,-97.503924001
35.511896,-97.5663214227
35.493517,-97.5964524301
35.45535,-97.4415494536
35.419717,-97.5471515401
35.446746,-97.425667548
35.608663,-97.5023985745
35.529664,-97.4770035900
35.522118,-97.6193495929
35.40693,-97.424279601
35.465159,-97.5005976010
35.405427,-97.5285066021
35.404855,-97.5658876025
35.464822,-97.6218886223
35.535369,-97.6016286301
35.536206,-97.4947676900
35.541267,-97.5649427101
35.560794,-97.6510517105
35.580076,-97.6385827204
35.544328,-97.5293587727
35.389035,-97.442014800
35.457897,-97.6885078425
35.382454,-97.531029845
35.377869,-97.4958849011
35.496243,-97.3686069115
35.493045,-97.3682629228
35.564583,-97.548269950
35.492698,-97.494849101
35.623712,-95.95997545
36.440124,-95.70941111560
36.320129,-95.82440112140
36.292354,-95.838082429
36.264036,-95.8513778522
36.277584,-95.83063396th
36.293017,-95.84584526246
35.794105,-94.9531832401
34.739795,-97.2550131120
36.66533,-96.355197547251
36.29894,-96.782265599
36.337524,-96.803894124
35.974792,-97.033241825
36.290016,-97.2916351527
35.652156,-97.745958108
35.274829,-94.476137214
36.703568,-97.085975900
36.738162,-97.072591404
35.064896,-94.622035911
35.485879,-96.6859094901
36.292934,-95.324337917
36.292934,-95.3243372015
34.987842,-97.369672505
35.007873,-97.366882105
35.407466,-94.524741109
35.405032,-94.516382103
36.292516,-95.1475281101
35.450551,-94.8017931130
35.468144,-94.7807361200
35.497659,-94.7667643937
36.209197,-96.103495418
36.139502,-96.103812430
36.135925,-96.1174921002
35.988419,-96.13686612200
35.984497,-96.0139161221
36.016479,-96.096679611
35.991652,-96.11319
35.323287,-99.6599951700
35.239604,-96.6703722025
35.35582,-96.91185840945
35.303971,-96.9308224409
35.375705,-96.928867777
35.380651,-97.0590491301
36.368222,-96.018352107
35.24072,-94.6260112672
34.315654,-97.1454951409
35.255853,-95.1086561120
36.13346,-97.0627081402
36.106651,-97.051781203
36.120483,-97.0648192234
36.144548,-97.0533152421
36.115582,-97.0897754545
36.114318,-97.1192015000
36.174225,-97.070938908
36.116112,-97.069702
35.81269,-94.626362712
35.753618,-96.6631391803
34.506084,-96.9908861408
35.89803,-94.9763382020
35.888873,-94.978004822
35.915185,-94.959383400
34.751441,-95.04816101
35.26095,-96.936274313
34.236344,-96.679777
36.651744,-97.34573810032
36.018127,-95.90490710156
36.0608,-95.86281310938
36.004272,-95.88922111007
36.062775,-95.8545771145
36.146226,-95.9667351148
36.146625,-95.85240611607
36.119562,-95.84791312705
36.104854,-95.8349811340
36.060317,-95.97389114002
36.1334,-95.8207621444
36.176626,-95.8693651503
36.14074,-95.9718361605
36.179687,-95.9741821911
36.135947,-95.9219232036
36.046328,-95.9610482108
36.133065,-95.8870652448
36.046326,-95.9577272488
36.046324,-95.9557882826
36.147574,-95.9480973109
36.118403,-95.9396213502
36.088619,-95.9358833727
36.194392,-95.9369264
36.152132,-95.9909394004
36.104483,-95.92244107
36.10277,-95.9222434305
36.100465,-95.86804440
36.154448,-95.9426084401
36.099093,-95.886014502
36.09881,-95.9761074785
36.032281,-95.9237355229
36.088246,-95.904021523
36.162081,-96.0192325330
36.118821,-95.9154475620
36.081981,-96.0492955727
36.079576,-95.8503465800
36.080209,-95.9584695974
36.07716,-95.9223115988
36.076985,-95.922309601
36.149977,-95.9901856130
36.060732,-95.9071116161
36.07456,-96.0286016373
36.119243,-95.9058546625
36.066711,-95.88336808
36.065642,-95.886496700
36.165229,-95.9868127004
36.160454,-95.8986797021
36.062676,-95.8862817337
36.057364,-96.003075738
36.129457,-96.0011118316
36.074954,-95.8838388929
36.034173,-95.8846829577
36.026577,-95.9478849999
36.018386,-95.867364750
35.491381,-94.971465875
36.634388,-95.1437951425
35.946816,-95.3948711200
35.496592,-95.3108575317
35.516687,-97.6065545577
35.551342,-97.641349
35.522605,-98.692468310
35.528133,-98.692741214
35.527443,-95.119462602
35.694531,-97.06601
36.003058,-94.62041209
34.918994,-95.3123361610
36.434018,-99.400303215
36.115608,-96.702705101
35.493417,-97.7422912324
35.594092,-97.7272391300
35.492199,-97.76236336
35.470739,-97.7246269001
35.513428,-97.7453948510
36.103754,-95.8815179107
35.435576,-97.3685331100
35.020443,-99.0959812150
35.443682,-97.370173308
35.391151,-97.7198792233
35.610081,-97.553128109
36.116004,-98.316903500
34.779143,-96.6695391701
34.656112,-99.3346131007
34.186023,-97.1437943875
36.739775,-95.9345544505
36.810485,-97.3388971361
36.060485,-95.7738033202
36.017883,-95.80249700
36.05702,-95.8167341100
36.170206,-95.762081782
35.032146,-97.9352571201
36.315625,-95.6241511125
34.516302,-97.967239206
33.999606,-96.4058831709
35.653077,-97.4575532200
35.652583,-97.5128426
35.623158,-97.4840542417
35.511653,-97.9723911111
35.411724,-99.4164261621
36.57965,-94.7684241916
35.860031,-97.425398108
36.678479,-101.474089506
35.44016,-95.976169555
36.022861,-95.9755961015
35.850642,-97.9322642
34.60849,-98.4217682425
34.623775,-98.4291236704
34.623035,-98.475533512
34.916932,-95.744731901
36.885613,-94.8781911735
35.321505,-97.487031600
35.348331,-97.4967672402
35.77198,-95.340075980
35.39166,-97.706517909
35.291535,-97.6105281024
35.231331,-97.4808221101
35.231448,-97.4229361201
35.204191,-97.4231322125
35.204455,-97.4736083301
35.21847,-97.4908611009
35.455677,-97.60149810417
35.363561,-97.53049610830
35.579713,-97.63799912323
35.595555,-97.54981513920
35.611969,-97.5670451901
35.560794,-97.6510512116
35.405832,-97.548844220
35.493011,-97.5166242608
35.43814,-97.4850882850
35.497681,-97.5656782903
35.435361,-97.5658352913
35.436612,-97.371256300
35.461787,-97.4057354700
35.434822,-97.4321194839
35.511872,-97.609695131
35.511388,-97.6097766801
35.540367,-97.566227024
35.462329,-97.6430228390
35.581462,-97.6410819000
35.492661,-97.370369936
35.466143,-97.5286182006
35.604125,-95.9622738551
36.277709,-95.8472292609
34.740116,-97.2587291202
36.738239,-97.06991905
35.067229,-94.626593601
36.296326,-95.322615211
35.405214,-94.513947305
36.138833,-96.114923725
39.390897,-99.0660672225
35.243146,-96.6728851416
35.345971,-96.9124464837
35.38107,-96.929248821
36.131474,-97.0510311319
35.899236,-94.9751041533
36.177932,-95.9755281535
36.061267,-95.9698111810
36.135855,-95.8516323118
36.147663,-95.9440484703
36.090272,-95.9244884710
36.095916,-95.9763586105
36.074904,-95.867727804
36.160346,-95.8899758109
36.057092,-95.8854851401
35.959688,-95.3953325704
35.551342,-97.642411
36.433095,-99.41106911313
35.513428,-97.745394975
35.49706,-97.7421241810
36.070227,-95.7980081900
34.506924,-96.991997609
36.751476,-95.983849322
36.750267,-95.977058213
36.419594,-97.880692116
36.804845,-97.2829682515
35.610432,-97.5593384239
35.543103,-97.5543515359
36.104887,-95.9152247777
36.191579,-95.8935938221
36.07547,-95.8851502
36.116383,-97.060432801
36.696243,-97.083645333
35.473479,-97.5189044300
35.463667,-97.5974052602
36.125237,-95.9403891909
36.390502,-97.902099220
36.149813,-99.3009152745
36.122785,-95.9397433302
36.115079,-95.8871775230
36.086429,-95.9229398320
36.060439,-95.8831212210
36.074344,-95.81586819260
36.16405,-95.763241105
35.337415,-97.476845316
35.319445,-97.4871731161
35.232448,-97.488904125
35.219442,-97.4825621045
35.454232,-97.60171412009
35.592046,-97.4359965505
35.446408,-97.4249737105
35.395076,-97.566959
35.609285,-97.530106503
36.264724,-95.85043710516
36.14763,-95.859295805
36.078918,-96.0469977022
36.061821,-95.8690111350
35.488686,-97.759656305
35.536134,-97.5465583425
36.750305,-95.9388341101
36.062309,-95.7611351101
36.052775,-95.80721105
36.063331,-95.7969534703
36.004105,-95.7969832021
36.167418,-95.7609692420
33.999214,-96.4074261012
35.643556,-97.482292606
36.390213,-97.9442751930
34.622952,-98.418961500
34.918398,-95.74471409
35.460289,-97.4067681300
35.349388,-97.495636331
35.751177,-95.402902901
35.392103,-97.7063381908
35.218013,-97.469525900
35.210203,-97.44374111121
35.583048,-97.56765213606
35.608057,-97.5488563701
35.507979,-97.5660093834
35.509777,-97.5022874500
35.420437,-97.529774518
35.434706,-97.4359177716
35.551342,-97.647591
36.263004,-95.846273700
36.710094,-97.084033302
35.405214,-94.513947105
36.13605,-96.101203200
35.384695,-96.919861724
36.115867,-97.0678310152
36.118605,-95.86300911032
36.060383,-95.8532851403
36.061279,-95.973511905
36.133561,-95.9643013341
36.119298,-95.9382646008
36.076477,-96.04846148
36.089471,-95.9053567221
36.161239,-95.8960298009
36.048081,-95.8854771170
35.491802,-97.7608793611
36.408655,-99.3761582107
35.390376,-99.4036012728
34.666453,-99.333825921
34.185903,-97.1655672341
36.06055,-95.7637761400
36.295748,-95.6282343505
33.99876,-96.410674421
35.650429,-97.4822942201
34.62376,-98.4238976702
34.623035,-98.4751362290
35.317323,-97.488752424
35.217587,-97.4780591124
35.405936,-97.5361771325
35.45213,-97.6016562914
35.436417,-97.3703583600
35.506161,-97.5650765315
35.524532,-97.5662995832
35.507227,-97.6180287820
35.551342,-97.641704
35.978922,-96.1141344836
35.381303,-96.9298981001
36.133026,-97.06094410121
36.015527,-95.88572310675
36.119057,-95.8580291432
36.141315,-95.9759862701
36.124511,-95.8861084888
36.133255,-95.9227915726
36.10402,-95.9120176004
36.077863,-95.9047677760
36.051728,-96.005528500
35.557058,-97.63815200
36.08683,-97.09358410438
36.011474,-95.8853753321
36.018362,-95.796288900
36.044779,-95.8157416325
35.636149,-97.5138533408
35.752221,-97.407321203
36.279266,-98.479292480
35.959158,-96.0018662011
33.895863,-94.7999651402
35.350749,-97.476857901
35.229125,-97.42291210400
35.364058,-97.52898112100
35.592755,-97.63761713144
35.603714,-97.5671522839
35.437411,-97.3713087900
35.551313,-97.564938407
35.619728,-95.9598312922
36.278105,-95.828151221
36.138662,-96.1066432
35.988442,-96.11464511122
36.133096,-95.8522894911
36.092581,-95.9754587121
36.059875,-95.8858038215
36.044838,-95.9394842511
36.421738,-99.3891331621
35.48141,-97.7596831812
35.240136,-97.48300712225
35.59392,-97.5494043631
35.512619,-97.581303912
35.362863,-97.531438712
35.506656,-98.969021410
36.40318,-97.882909
36.766431,-101.464515